Local time,Open,High,Low,Close,Volume
30.07.2017 16:00:00.000 GMT-0500,2760,2924,2638,2832,13099.3139
06.08.2017 16:00:00.000 GMT-0500,3265,3588,3191,3588,11546.042099999995
13.08.2017 16:00:00.000 GMT-0500,4010,4476,3808,4300,8399.4729
20.08.2017 16:00:00.000 GMT-0500,4118,4453,3771,4329,10136.024200000002
27.08.2017 16:00:00.000 GMT-0500,4360,4767,4186,4734,7501.071599999999
03.09.2017 16:00:00.000 GMT-0500,4626,4692,4029,4247,13338.190899999996
10.09.2017 16:00:00.000 GMT-0500,4289,4385,2973,3720,14992.675499999998
17.09.2017 16:00:00.000 GMT-0500,3748,4121,3510,3614,12006.746900000002
24.09.2017 16:00:00.000 GMT-0500,3670,4276,3662,4169,8936.194300000003
01.10.2017 16:00:00.000 GMT-0500,4387,4469,4145,4338,6284.9506999999985
08.10.2017 16:00:00.000 GMT-0500,4583,5866,4555,5613,10409.394200000002
15.10.2017 16:00:00.000 GMT-0500,5525,6064,5107,5973,10182.948
22.10.2017 16:00:00.000 GMT-0500,5882,6057,5373,5751,13877.6914
29.10.2017 16:00:00.000 GMT-0500,6177,7449,6027,7228,10697.760400000001
05.11.2017 17:00:00.000 GMT-0500,7353,7882,6414,6580,13781.819000000001
12.11.2017 17:00:00.000 GMT-0500,5891,7996,5603,7697,13159.250699999993
19.11.2017 17:00:00.000 GMT-0500,8018,8374,7798,8249,8290.861999999997
26.11.2017 17:00:00.000 GMT-0500,9450,11433,8980,10897,13462.54730000001
03.12.2017 17:00:00.000 GMT-0500,10915,17021,10500,15640,9969.347200000002
10.12.2017 17:00:00.000 GMT-0500,14574,17957,14524,17629,7811.773
17.12.2017 17:00:00.000 GMT-0500,18980,19510,10772,14234,10005.905600000004
24.12.2017 17:00:00.000 GMT-0500,13123,16499,12973,14308,11660.397200000001
31.12.2017 17:00:00.000 GMT-0500,13496,16880,12921,16782,3535.5637000000006
07.01.2018 17:00:00.000 GMT-0500,16140,16408,12744,13697,4002.596699999998
14.01.2018 17:00:00.000 GMT-0500,13357,14274,9125,11310,4572.045800000003
21.01.2018 17:00:00.000 GMT-0500,11322,11832,9908,10847,6125.8462
28.01.2018 17:00:00.000 GMT-0500,11725,11734,7564,8535,39.319299999999984
04.02.2018 17:00:00.000 GMT-0500,8018,8677,5882,8505,4430.965300000001
11.02.2018 17:00:00.000 GMT-0500,8242,10236,7970,10028,3819.6623999999997
18.02.2018 17:00:00.000 GMT-0500,10698,11716,9532,9860,5086.102499999999
25.02.2018 17:00:00.000 GMT-0500,9535,11118,9323,10970,5678.0149999999985
04.03.2018 17:00:00.000 GMT-0500,11367,11621,8336,9049,4047.730000000001
11.03.2018 16:00:00.000 GMT-0500,9496,9855,7633,8486,3708.539999999999
18.03.2018 16:00:00.000 GMT-0500,8159,9097,8012,8542,6474.9825
25.03.2018 16:00:00.000 GMT-0500,8547,8570,6516,6793,9493.425
01.04.2018 16:00:00.000 GMT-0500,6749,7435,6438,6530,8317.415
08.04.2018 16:00:00.000 GMT-0500,6923,8147,6545,7821,5967.58
15.04.2018 16:00:00.000 GMT-0500,8232,8485,7754,8450,6257.907499999999
22.04.2018 16:00:00.000 GMT-0500,8841,9683,8588,8902,8278.420000000002
29.04.2018 16:00:00.000 GMT-0500,9251,9727,8763,9613,5888.115000000001
06.05.2018 16:00:00.000 GMT-0500,9468,9587,8319,8372,6122.989999999999
13.05.2018 16:00:00.000 GMT-0500,8592,8813,7864,8161,4400.612500000001
20.05.2018 16:00:00.000 GMT-0500,8459,8513,7207,7380,6677.055000000002
27.05.2018 16:00:00.000 GMT-0500,7259,7541,6987,7373,5750.255000000001
03.06.2018 16:00:00.000 GMT-0500,7626,7690,7293,7581,4951.357500000003
10.06.2018 16:00:00.000 GMT-0500,6675,6842,6068,6433,6788.2125000000015
17.06.2018 16:00:00.000 GMT-0500,6431,6771,5847,6007,5556.047499999999
24.06.2018 16:00:00.000 GMT-0500,6121,6271,5732,5842,6987.127500000004
01.07.2018 16:00:00.000 GMT-0500,6280,6725,6216,6509,6135.217499999996
08.07.2018 16:00:00.000 GMT-0500,6688,6740,6026,6125,6271.260000000002
15.07.2018 16:00:00.000 GMT-0500,6319,7618,6272,7294,4640.9074999999975
22.07.2018 16:00:00.000 GMT-0500,7470,8421,7283,8168,6898.922499999999
29.07.2018 16:00:00.000 GMT-0500,8138,8210,7230,7328,5093.222299999999
05.08.2018 16:00:00.000 GMT-0500,6994,7097,6068,6128,17.890200000000004
12.08.2018 16:00:00.000 GMT-0500,6279,6556,5827,6415,23.668
19.08.2018 16:00:00.000 GMT-0500,6469,6814,6173,6551,17.104600000000012
26.08.2018 16:00:00.000 GMT-0500,6619,7065,6595,6988,15.796499999999996
02.09.2018 16:00:00.000 GMT-0500,7224,7344,6211,6385,17.371499999999997
09.09.2018 16:00:00.000 GMT-0500,6328,6522,6121,6475,16.370999999999995
16.09.2018 16:00:00.000 GMT-0500,6441,6717,6051,6658,12.439799999999996
23.09.2018 16:00:00.000 GMT-0500,6619,6736,6271,6588,14.471499999999997
30.09.2018 16:00:00.000 GMT-0500,6503,6587,6353,6509,9.639500000000002
07.10.2018 16:00:00.000 GMT-0500,6485,6637,6061,6190,7.946599999999997
14.10.2018 16:00:00.000 GMT-0500,6210,7256,6148,6322,4.9926
21.10.2018 16:00:00.000 GMT-0500,6375,6400,6298,6345,1.8765999999999994
28.10.2018 16:00:00.000 GMT-0500,6336,6359,6143,6294,1.9190999999999996
04.11.2018 17:00:00.000 GMT-0500,6354,6478,6251,6269,2.0491999999999995
11.11.2018 17:00:00.000 GMT-0500,6258,6324,5145,5386,3.1769999999999987
18.11.2018 17:00:00.000 GMT-0500,5485,5499,3995,4199,10.927499999999997
25.11.2018 17:00:00.000 GMT-0500,3988,4342,3461,3871,11.0158
02.12.2018 17:00:00.000 GMT-0500,4086,4100,3155,3330,8.718900000000001
09.12.2018 17:00:00.000 GMT-0500,3464,3531,3077,3098,6.338799999999999
16.12.2018 17:00:00.000 GMT-0500,3143,4112,3123,3789,9.539899999999996
23.12.2018 17:00:00.000 GMT-0500,3889,4176,3508,3833,7.6769
30.12.2018 17:00:00.000 GMT-0500,3761,3855,3576,3774,5.783599999999998
06.01.2019 17:00:00.000 GMT-0500,3973,4049,3513,3589,6.4074
13.01.2019 17:00:00.000 GMT-0500,3456,3651,3436,3552,5.3689
20.01.2019 17:00:00.000 GMT-0500,3480,3555,3373,3498,4.363800000000001
27.01.2019 17:00:00.000 GMT-0500,3482,3483,3285,3390,4.832499999999999
03.02.2019 17:00:00.000 GMT-0500,3335,3651,3278,3534,3.8748999999999993
10.02.2019 17:00:00.000 GMT-0500,3546,3597,3477,3504,168.5822
17.02.2019 17:00:00.000 GMT-0500,3526,3927,3526,3881,1719.9366999999993
24.02.2019 17:00:00.000 GMT-0500,3725,3826,3600,3769,1320.8038999999997
03.03.2019 17:00:00.000 GMT-0500,3730,3851,3613,3807,1124.0697
10.03.2019 16:00:00.000 GMT-0500,3837,3853,3725,3838,767.2631
17.03.2019 16:00:00.000 GMT-0500,3915,3997,3862,3918,674.0496999999999
24.03.2019 16:00:00.000 GMT-0500,3903,4046,3804,4014,5.386299999999997
31.03.2019 16:00:00.000 GMT-0500,4038,5289,4000,4940,186.17650000000003
07.04.2019 16:00:00.000 GMT-0500,5084,5403,4864,4984,572.0323999999997
14.04.2019 16:00:00.000 GMT-0500,5029,5296,4892,5210,142.70540000000003
21.04.2019 16:00:00.000 GMT-0500,5181,5564,4931,5037,478.42750000000007
28.04.2019 16:00:00.000 GMT-0500,5070,5738,5027,5629,209.2686
05.05.2019 16:00:00.000 GMT-0500,5688,6370,5507,6231,472.0545
12.05.2019 16:00:00.000 GMT-0500,7094,8330,6537,7044,610.4479
19.05.2019 16:00:00.000 GMT-0500,8024,8239,7422,8057,461.8453999999999
26.05.2019 16:00:00.000 GMT-0500,8587,9026,7973,8447,673.7929
02.06.2019 16:00:00.000 GMT-0500,8627,8704,7385,7842,469.99239999999975
09.06.2019 16:00:00.000 GMT-0500,7656,8411,7456,8394,363.27910000000014
16.06.2019 16:00:00.000 GMT-0500,8874,9896,8863,9881,720.1379000000003
23.06.2019 16:00:00.000 GMT-0500,10969,13797,10250,12160,4761.489199999999
30.06.2019 16:00:00.000 GMT-0500,11331,11996,9601,10977,5173.209299999999
07.07.2019 16:00:00.000 GMT-0500,11452,13132,10929,11853,4430.115799999999
14.07.2019 16:00:00.000 GMT-0500,10585,11019,9024,10472,5183.285399999998
21.07.2019 16:00:00.000 GMT-0500,10451,10627,9459,9775,2633.4893000000006
28.07.2019 16:00:00.000 GMT-0500,9450,10613,9063,10348,2337.9624999999996
04.08.2019 16:00:00.000 GMT-0500,10898,12261,10748,11806,3315.060299999999
11.08.2019 16:00:00.000 GMT-0500,11355,11524,9427,10337,2212.0942999999993
18.08.2019 16:00:00.000 GMT-0500,10295,10894,9704,10304,2595.7969000000003
25.08.2019 16:00:00.000 GMT-0500,9934,10603,9270,9545,1418.8952999999995
01.09.2019 16:00:00.000 GMT-0500,9584,10888,9579,10301,2334.5308999999997
08.09.2019 16:00:00.000 GMT-0500,10306,10475,9809,10213,2199.2227999999996
15.09.2019 16:00:00.000 GMT-0500,10218,10319,9592,10079,1346.6658999999993
22.09.2019 16:00:00.000 GMT-0500,9951,10018,7681,8003,2586.5067999999997
29.09.2019 16:00:00.000 GMT-0500,7953,8472,7658,8109,2117.5714000000007
06.10.2019 16:00:00.000 GMT-0500,7850,8755,7714,8283,2764.895
13.10.2019 16:00:00.000 GMT-0500,8192,8360,7765,7889,1962.2746
20.10.2019 16:00:00.000 GMT-0500,8167,8712,7247,8511,2623.3501
27.10.2019 16:00:00.000 GMT-0500,9565,9876,8903,9099,3712.938199999999
03.11.2019 17:00:00.000 GMT-0500,9097,9507,8617,8983,2736.3524
10.11.2019 17:00:00.000 GMT-0500,8983,9040,8326,8497,1931.1368999999995
17.11.2019 17:00:00.000 GMT-0500,8495,8498,6739,6989,2337.9766
24.11.2019 17:00:00.000 GMT-0500,6988,7807,6471,7323,3812.392200000002
01.12.2019 17:00:00.000 GMT-0500,7320,7713,7040,7488,2792.8918
08.12.2019 17:00:00.000 GMT-0500,7486,7596,7025,7063,1801.2818000000004
15.12.2019 17:00:00.000 GMT-0500,7062,7386,6379,7349,2295.617200000001
22.12.2019 17:00:00.000 GMT-0500,7350,7631,7006,7332,1547.3697000000002
29.12.2019 17:00:00.000 GMT-0500,7332,7372,6803,7305,1594.0018999999998
05.01.2020 17:00:00.000 GMT-0500,7303,8406,7259,8044,4626.9497999999985
12.01.2020 17:00:00.000 GMT-0500,8041,8951,7992,8662,3590.2006999999994
19.01.2020 17:00:00.000 GMT-0500,8661,8734,8163,8527,2677.8954999999983
26.01.2020 17:00:00.000 GMT-0500,8526,9508,8480,9384,3361.6827000000003
02.02.2020 17:00:00.000 GMT-0500,9384,10032,9023,10020,3081.977000000002
09.02.2020 17:00:00.000 GMT-0500,10018,10454,9656,9714,3749.5178000000014
16.02.2020 17:00:00.000 GMT-0500,9711,10246,9262,9828,3478.776400000001
23.02.2020 17:00:00.000 GMT-0500,9828,9968,8381,8455,2746.6381
01.03.2020 17:00:00.000 GMT-0500,8457,9124,8433,9062,3294.1511
08.03.2020 16:00:00.000 GMT-0500,8215,8235,3851,5389,3901.5164
15.03.2020 16:00:00.000 GMT-0500,5118,6888,4378,5916,5931.000699999996
22.03.2020 16:00:00.000 GMT-0500,5881,6929,5635,6627,4974.9121
29.03.2020 16:00:00.000 GMT-0500,5891,7194,5799,6647,5000.4828
05.04.2020 16:00:00.000 GMT-0500,6701,7411,6672,6866,5063.737900000001
12.04.2020 16:00:00.000 GMT-0500,7073,7156,6424,7004,4502.754600000002
19.04.2020 16:00:00.000 GMT-0500,7092,7706,6705,7477,4334.206900000002
26.04.2020 16:00:00.000 GMT-0500,7600,9414,7535,8676,5253.9123
03.05.2020 16:00:00.000 GMT-0500,8778,10016,8480,9944,5302.237799999997
10.05.2020 16:00:00.000 GMT-0500,8675,9889,8146,9186,5904.2261
17.05.2020 16:00:00.000 GMT-0500,9676,9899,8748,9128,4196.373600000002
24.05.2020 16:00:00.000 GMT-0500,8944,9568,8581,9362,3201.8058000000005
31.05.2020 16:00:00.000 GMT-0500,9450,10357,9246,9660,2546.2500999999997
07.06.2020 16:00:00.000 GMT-0500,9671,9959,9038,9408,2819.3422000000005
14.06.2020 16:00:00.000 GMT-0500,9325,9535,8854,9259,2114.674800000001
21.06.2020 16:00:00.000 GMT-0500,9253,9731,8940,9132,1738.563400000001
28.06.2020 16:00:00.000 GMT-0500,9053,9241,8892,8980,2408.8765000000008
05.07.2020 16:00:00.000 GMT-0500,8952,9420,8870,9192,1334.1359000000002
12.07.2020 16:00:00.000 GMT-0500,9176,9287,8977,9075,6.382200000000003
19.07.2020 16:00:00.000 GMT-0500,9117,9959,9082,9921,3.2679
26.07.2020 16:00:00.000 GMT-0500,9826,11797,9819,11050,8.551699999999997
02.08.2020 16:00:00.000 GMT-0500,11034,11860,10908,11452,3.6353999999999997
09.08.2020 16:00:00.000 GMT-0500,11618,12026,11072,11760,8.248
16.08.2020 16:00:00.000 GMT-0500,11793,12420,11470,11477,14.9755
23.08.2020 16:00:00.000 GMT-0500,11612,11769,11067,11544,11.775899999999996
30.08.2020 16:00:00.000 GMT-0500,11579,12005,9831,10211,24.004700000000014
06.09.2020 16:00:00.000 GMT-0500,10304,10559,9840,10295,16.51890000000001
13.09.2020 16:00:00.000 GMT-0500,10295,11157,10232,10836,5.837499999999999
20.09.2020 16:00:00.000 GMT-0500,10830,10972,10120,10707,5.8303
27.09.2020 16:00:00.000 GMT-0500,10707,10938,10366,10631,4.975100000000003
04.10.2020 16:00:00.000 GMT-0500,10624,11463,10511,11310,4.1678
11.10.2020 16:00:00.000 GMT-0500,11306,11709,11184,11424,4.533500000000001
18.10.2020 16:00:00.000 GMT-0500,11420,13334,11396,13017,6.002699999999998
25.10.2020 16:00:00.000 GMT-0500,13015,14069,12769,13800,10.210700000000001
01.11.2020 17:00:00.000 GMT-0500,13799,15951,13198,15320,10.373699999999996
08.11.2020 17:00:00.000 GMT-0500,15320,16471,14810,15834,12.306599999999994
15.11.2020 17:00:00.000 GMT-0500,15833,18955,15776,18568,17.3033
22.11.2020 17:00:00.000 GMT-0500,18571,19480,16203,18248,14.002600000000005
29.11.2020 17:00:00.000 GMT-0500,18248,19893,18067,19224,15.789199999999996
06.12.2020 17:00:00.000 GMT-0500,19219,19404,17566,19156,12.940400000000002
13.12.2020 17:00:00.000 GMT-0500,19156,24270,18958,23389,21.065599999999996
20.12.2020 17:00:00.000 GMT-0500,23389,28357,21932,26347,25.077999999999992
27.12.2020 17:00:00.000 GMT-0500,26348,34773,25827,33567,24.370299999999997
03.01.2021 17:00:00.000 GMT-0500,33567,41967,27910,38005,31.07839999999998
10.01.2021 17:00:00.000 GMT-0500,38013,40074,30288,36485,221108.7895
17.01.2021 17:00:00.000 GMT-0500,36546,37830,28778,31888,730557.8932999998
24.01.2021 17:00:00.000 GMT-0500,31889,38605,29207,32549,9.855899999999998
31.01.2021 17:00:00.000 GMT-0500,32634,40936,32312,38539,10.26130000000001
07.02.2021 17:00:00.000 GMT-0500,38538,49644,38042,48808,9.985299999999995
14.02.2021 17:00:00.000 GMT-0500,48808,58305,45891,57300,10.7413
21.02.2021 17:00:00.000 GMT-0500,57324,57619,42990,45178,16.180300000000003
28.02.2021 17:00:00.000 GMT-0500,45208,52595,44825,50047,12.031300000000003
07.03.2021 17:00:00.000 GMT-0500,50042,61722,49300,60239,10.9167
14.03.2021 16:00:00.000 GMT-0500,60220,60696,53227,57773,11.860599999999998
21.03.2021 16:00:00.000 GMT-0500,57773,58381,50405,54792,11.883999999999997
28.03.2021 16:00:00.000 GMT-0500,54789,60052,54774,57999,10.004200000000008
04.04.2021 16:00:00.000 GMT-0500,57997,61127,55435,59623,7.977400000000001
11.04.2021 16:00:00.000 GMT-0500,59623,64849,52258,56215,10.821399999999999
18.04.2021 16:00:00.000 GMT-0500,56242,57554,47502,48086,13.936899999999994
25.04.2021 16:00:00.000 GMT-0500,48094,58487,47058,56993,12.402399999999995
02.05.2021 16:00:00.000 GMT-0500,56993,59481,52952,57893,12.785799999999998
09.05.2021 16:00:00.000 GMT-0500,57885,59534,43816,44053,17.539199999999997
16.05.2021 16:00:00.000 GMT-0500,44053,46591,29814,33645,21.481299999999997
23.05.2021 16:00:00.000 GMT-0500,33629,40829,33403,36031,18.204899999999995
30.05.2021 16:00:00.000 GMT-0500,36031,39439,34154,35928,15.651199999999998
06.06.2021 16:00:00.000 GMT-0500,35924,39324,31016,39234,17.05209999999999
13.06.2021 16:00:00.000 GMT-0500,39234,41264,33328,35781,15.625800000000003
20.06.2021 16:00:00.000 GMT-0500,35772,35846,28796,32589,14.486599999999996
27.06.2021 16:00:00.000 GMT-0500,32588,36563,32427,35501,8.731000000000005
04.07.2021 16:00:00.000 GMT-0500,35482,35903,32070,33808,7.7397
11.07.2021 16:00:00.000 GMT-0500,33789,34622,31002,31598,5.351299999999999
18.07.2021 16:00:00.000 GMT-0500,31597,34782,29268,34436,6.084199999999998
25.07.2021 16:00:00.000 GMT-0500,34410,42550,34405,41219,13.1698
01.08.2021 16:00:00.000 GMT-0500,41194,45296,37307,43810,9.503700000000002
08.08.2021 16:00:00.000 GMT-0500,43810,48113,42791,46671,9.313
15.08.2021 16:00:00.000 GMT-0500,46671,49751,43918,48373,8.551499999999997
22.08.2021 16:00:00.000 GMT-0500,48373,50457,46290,48877,10.8988
29.08.2021 16:00:00.000 GMT-0500,48877,51664,46500,51614,9.245700000000001
05.09.2021 16:00:00.000 GMT-0500,51617,52884,42953,45055,10.003499999999995
12.09.2021 16:00:00.000 GMT-0500,45046,48752,43395,47546,13.483399999999998
19.09.2021 16:00:00.000 GMT-0500,47545,47615,39559,43590,15.39199999999999
26.09.2021 16:00:00.000 GMT-0500,43600,49145,40723,48407,15.0603
03.10.2021 16:00:00.000 GMT-0500,48403,56422,46872,55363,15.434800000000003
10.10.2021 16:00:00.000 GMT-0500,55330,62800,53917,59356,14.173499999999994
17.10.2021 16:00:00.000 GMT-0500,59348,66924,59246,61096,14.139600000000003
24.10.2021 16:00:00.000 GMT-0500,61089,63644,57837,60909,13.099700000000006
31.10.2021 16:00:00.000 GMT-0500,60894,64231,59500,62799,11.355599999999997
07.11.2021 17:00:00.000 GMT-0500,62897,68933,62248,64255,10.743899999999995
14.11.2021 17:00:00.000 GMT-0500,64255,66297,55588,59454,12.825700000000003
21.11.2021 17:00:00.000 GMT-0500,59469,59473,53368,56251,12.648000000000001
28.11.2021 17:00:00.000 GMT-0500,56398,59177,42387,49157,14.106100000000003
05.12.2021 17:00:00.000 GMT-0500,49177,51923,46735,49898,12.366299999999997
12.12.2021 17:00:00.000 GMT-0500,49939,50357,45439,46681,10.678899999999999
19.12.2021 17:00:00.000 GMT-0500,46635,51792,45521,50762,8.243100000000005
26.12.2021 17:00:00.000 GMT-0500,50803,52013,45938,46967,7.544399999999999
02.01.2022 17:00:00.000 GMT-0500,46989,47519,40551,42259,10.4961
09.01.2022 17:00:00.000 GMT-0500,42245,44382,39604,42916,9.460499999999998
16.01.2022 17:00:00.000 GMT-0500,42926,43452,33983,35322,9.692399999999997
23.01.2022 17:00:00.000 GMT-0500,35328,38858,32926,37717,11.563999999999998
30.01.2022 17:00:00.000 GMT-0500,37717,42143,36219,41635,8.021699999999997
06.02.2022 17:00:00.000 GMT-0500,41635,45791,41523,42269,7.718200000000002
13.02.2022 17:00:00.000 GMT-0500,42269,44714,38010,38220,5.725100000000001
20.02.2022 17:00:00.000 GMT-0500,38220,40235,34300,37391,9.015200000000002
27.02.2022 17:00:00.000 GMT-0500,37391,45250,37328,39032,8.213200000000004
06.03.2022 17:00:00.000 GMT-0500,39032,42587,37119,38636,9.579000000000002
13.03.2022 16:00:00.000 GMT-0500,38637,42402,37528,41245,8.089100000000002
20.03.2022 16:00:00.000 GMT-0500,41244,46556,40481,46067,6.386399999999996
27.03.2022 16:00:00.000 GMT-0500,46072,48229,44196,46365,6.265200000000001
03.04.2022 16:00:00.000 GMT-0500,46365,47452,42052,43080,5.737100000000001
10.04.2022 16:00:00.000 GMT-0500,43051,43249,39244,40227,5.131200000000001
17.04.2022 16:00:00.000 GMT-0500,40207,42990,38515,39463,5.2926
24.04.2022 16:00:00.000 GMT-0500,39456,40742,37380,38276,6.179800000000002
01.05.2022 16:00:00.000 GMT-0500,38250,39969,33711,34188,8.193799999999998
08.05.2022 16:00:00.000 GMT-0500,34158,34431,25340,30990,14.283300000000006
15.05.2022 16:00:00.000 GMT-0500,30990,31380,28562,29862,11.141400000000003
22.05.2022 16:00:00.000 GMT-0500,29841,30665,27947,29099,9.112599999999999
29.05.2022 16:00:00.000 GMT-0500,29099,32418,29081,29862,7.319199999999997
05.06.2022 16:00:00.000 GMT-0500,29862,31673,26833,27302,13.413
12.06.2022 16:00:00.000 GMT-0500,27275,27435,17520,20573,19.108099999999993
19.06.2022 16:00:00.000 GMT-0500,20555,21823,19582,21338,16.257499999999997
26.06.2022 16:00:00.000 GMT-0500,21327,21469,18591,19387,14.266000000000005
03.07.2022 16:00:00.000 GMT-0500,19353,22424,19000,20936,15.243900000000002
10.07.2022 16:00:00.000 GMT-0500,20913,21612,18877,20891,17.752699999999997
17.07.2022 16:00:00.000 GMT-0500,20867,24240,20716,22683,12.813400000000005
24.07.2022 16:00:00.000 GMT-0500,22661,24598,20691,23762,11.4578
31.07.2022 16:00:00.000 GMT-0500,23742,23769,22373,23223,12.2341
07.08.2022 16:00:00.000 GMT-0500,23204,24991,22643,24278,12.718599999999997
14.08.2022 16:00:00.000 GMT-0500,24256,25166,20723,21433,11.154300000000003
21.08.2022 16:00:00.000 GMT-0500,21406,21855,19777,19953,6.3594
28.08.2022 16:00:00.000 GMT-0500,19928,20534,19488,19861,5.1934
04.09.2022 16:00:00.000 GMT-0500,19836,21801,18515,21599,5.5279
11.09.2022 16:00:00.000 GMT-0500,21575,22738,19301,19683,7.3897999999999975
18.09.2022 16:00:00.000 GMT-0500,19677,19845,18140,18851,4.932899999999998
25.09.2022 16:00:00.000 GMT-0500,18851,20337,18453,19202,6.9811000000000005
02.10.2022 16:00:00.000 GMT-0500,19202,20424,18893,19446,3.971399999999999
09.10.2022 16:00:00.000 GMT-0500,19446,19905,18153,19292,5.120799999999998
16.10.2022 16:00:00.000 GMT-0500,19268,19661,18635,19462,1.1206999999999985
23.10.2022 16:00:00.000 GMT-0500,19465,21034,19134,20650,7.003599999999997
30.10.2022 16:00:00.000 GMT-0500,20624,21414,20008,21100,4.457
06.11.2022 17:00:00.000 GMT-0500,21100,21123,15542,16336,10.112500000000002
13.11.2022 17:00:00.000 GMT-0500,16336,17156,15830,16221,7.579800000000001
20.11.2022 17:00:00.000 GMT-0500,16195,16755,15440,16540,5.708200000000004
27.11.2022 17:00:00.000 GMT-0500,16540,17261,15968,17077,1.4989999999999994
04.12.2022 17:00:00.000 GMT-0500,17077,17384,16654,17079,3.3044000000000056
11.12.2022 17:00:00.000 GMT-0500,17079,18340,16467,16712,6.186900000000002
18.12.2022 17:00:00.000 GMT-0500,16686,17012,16240,16764,4.270599999999998
25.12.2022 17:00:00.000 GMT-0500,16765,16929,16302,16565,2.8054000000000014
01.01.2023 17:00:00.000 GMT-0500,16537,16993,16511,16919,1.215799999999998
08.01.2023 17:00:00.000 GMT-0500,16919,21258,16887,20865,2.3585000000000007
15.01.2023 17:00:00.000 GMT-0500,20865,23309,20374,22553,9.473
22.01.2023 17:00:00.000 GMT-0500,22526,23920,22299,23761,6.681100000000001
29.01.2023 17:00:00.000 GMT-0500,23761,24217,22480,22863,1.8694999999999997
05.02.2023 17:00:00.000 GMT-0500,22863,23403,21440,21702,4.964600000000002
12.02.2023 17:00:00.000 GMT-0500,21676,25214,21342,24506,5.4587999999999965
19.02.2023 17:00:00.000 GMT-0500,24482,25208,22746,23523,6.710300000000001
26.02.2023 17:00:00.000 GMT-0500,23523,23953,21962,22450,2.0103999999999997
05.03.2023 17:00:00.000 GMT-0500,22450,22555,19541,21450,2.497299999999998
12.03.2023 16:00:00.000 GMT-0500,21450,28371,21191,27857,6.830999999999998
19.03.2023 16:00:00.000 GMT-0500,27855,28879,26654,27768,16.3002
26.03.2023 16:00:00.000 GMT-0500,27741,29139,26487,28041,5.8085
02.04.2023 16:00:00.000 GMT-0500,28041,28748,27190,28094,5.729099999999998
09.04.2023 16:00:00.000 GMT-0500,28072,30995,28072,30326,9.2875
16.04.2023 16:00:00.000 GMT-0500,30326,30452,27075,27467,4.469199999999999
23.04.2023 16:00:00.000 GMT-0500,27484,29979,26950,29312,8.224300000000003
30.04.2023 16:00:00.000 GMT-0500,29289,29785,27636,28914,7.0596000000000005
07.05.2023 16:00:00.000 GMT-0500,28914,28950,25794,26914,2.8370999999999986
14.05.2023 16:00:00.000 GMT-0500,26914,27634,26330,26810,6.158700000000003
21.05.2023 16:00:00.000 GMT-0500,26809,27705,25837,27527,1.252499999999999
28.05.2023 16:00:00.000 GMT-0500,27527,28420,26479,27217,2.1644999999999994
04.06.2023 16:00:00.000 GMT-0500,27219,27423,25327,26095,10.188999999999993
11.06.2023 16:00:00.000 GMT-0500,26096,26718,24767,26443,10.566000000000004
18.06.2023 16:00:00.000 GMT-0500,26443,31390,26224,30349,8.825400000000002
25.06.2023 16:00:00.000 GMT-0500,30350,31255,29430,30558,1.8200999999999998
02.07.2023 16:00:00.000 GMT-0500,30527,31505,29689,30169,6.7707000000000015
09.07.2023 16:00:00.000 GMT-0500,30169,31794,29901,30249,6.9145
16.07.2023 16:00:00.000 GMT-0500,30252,30384,29498,30114,4.3969999999999985
23.07.2023 16:00:00.000 GMT-0500,30114,30114,28841,29235,0.40279999999999994
30.07.2023 16:00:00.000 GMT-0500,29235,30002,28549,29086,3.3796999999999993
06.08.2023 16:00:00.000 GMT-0500,29028,30178,28646,29381,5.3809000000000005
13.08.2023 16:00:00.000 GMT-0500,29334,29623,25357,26199,2.227599999999998
20.08.2023 16:00:00.000 GMT-0500,26204,26777,25339,26055,0.4742999999999997
27.08.2023 16:00:00.000 GMT-0500,26055,28107,25301,26007,1.6094999999999995
03.09.2023 16:00:00.000 GMT-0500,26007,26401,25375,25781,6.2425000000000015
10.09.2023 16:00:00.000 GMT-0500,25781,26825,24889,26403,6.662199999999999
17.09.2023 16:00:00.000 GMT-0500,26403,27450,26316,26462,4.865799999999999
24.09.2023 16:00:00.000 GMT-0500,26440,27266,25961,27072,4.773899999999998
01.10.2023 16:00:00.000 GMT-0500,27050,28553,27038,27872,4.470699999999998
08.10.2023 16:00:00.000 GMT-0500,27862,27960,26499,27163,3.7228999999999974
15.10.2023 16:00:00.000 GMT-0500,27142,30304,27011,29814,5.402999999999999
22.10.2023 16:00:00.000 GMT-0500,29798,35180,29687,34544,3.479300000000001
29.10.2023 16:00:00.000 GMT-0500,34545,35914,34018,34622,1.4078999999999993
05.11.2023 17:00:00.000 GMT-0500,34617,37934,34495,37135,5.757099999999997
12.11.2023 17:00:00.000 GMT-0500,37135,37923,34790,36961,1.5465999999999998
19.11.2023 17:00:00.000 GMT-0500,36961,38381,35609,37583,4.048500000000001
26.11.2023 17:00:00.000 GMT-0500,37583,39802,36687,39686,1.5675000000000003
03.12.2023 17:00:00.000 GMT-0500,39686,44676,39641,43765,1.4535000000000005
10.12.2023 17:00:00.000 GMT-0500,43765,43834,40147,41877,2.4511999999999974
17.12.2023 17:00:00.000 GMT-0500,41877,44362,40493,43473,4.352799999999997
24.12.2023 17:00:00.000 GMT-0500,43473,43756,41249,42448,0.8840000000000001
31.12.2023 17:00:00.000 GMT-0500,43712,45865,40834,44205,3.6759
07.01.2024 17:00:00.000 GMT-0500,44192,48946,41387,42496,20.53309999999999
14.01.2024 17:00:00.000 GMT-0500,42454,43529,40234,41734,5.4602
21.01.2024 17:00:00.000 GMT-0500,41734,42789,38480,41942,5.332799999999999
28.01.2024 17:00:00.000 GMT-0500,41906,43822,41587,42735,3.9828000000000006
04.02.2024 17:00:00.000 GMT-0500,42718,48554,42189,48098,6.6556999999999995
11.02.2024 17:00:00.000 GMT-0500,48098,52807,47685,51826,20.617999999999995
18.02.2024 17:00:00.000 GMT-0500,51819,52946,50461,51728,17.586999999999982
25.02.2024 17:00:00.000 GMT-0500,51717,63994,50876,62792,31.72669999999998
03.03.2024 17:00:00.000 GMT-0500,62792,69989,59112,69366,38.6359
10.03.2024 16:00:00.000 GMT-0500,69370,73758,64497,68224,31.503299999999985
17.03.2024 16:00:00.000 GMT-0500,68224,68889,60742,66111,21.3043
24.03.2024 16:00:00.000 GMT-0500,66111,71712,66110,70801,7.840599999999995
31.03.2024 16:00:00.000 GMT-0500,70801,71328,64463,69265,9.6128
07.04.2024 16:00:00.000 GMT-0500,69256,72727,60833,63818,7.122600000000001
14.04.2024 16:00:00.000 GMT-0500,63817,66813,59589,64592,8.2778
21.04.2024 16:00:00.000 GMT-0500,64593,67201,62326,63644,5.696100000000002
28.04.2024 16:00:00.000 GMT-0500,63598,64694,56512,63737,5.566199999999997
05.05.2024 16:00:00.000 GMT-0500,63737,65479,60180,61255,4.001100000000001
12.05.2024 16:00:00.000 GMT-0500,61192,67667,60739,66125,4.7849
19.05.2024 16:00:00.000 GMT-0500,66092,71923,65935,68674,6.029800000000001
26.05.2024 16:00:00.000 GMT-0500,68616,70625,66611,67791,5.360099999999996
02.06.2024 16:00:00.000 GMT-0500,67739,71913,67571,69643,5.079599999999999
09.06.2024 16:00:00.000 GMT-0500,69617,70142,65034,66462,6.645599999999998
16.06.2024 16:00:00.000 GMT-0500,66399,67259,63351,63679,5.061800000000002
23.06.2024 16:00:00.000 GMT-0500,63649,63753,58444,61892,4.820400000000001
30.06.2024 16:00:00.000 GMT-0500,61892,63813,53509,57229,4.593799999999999
07.07.2024 16:00:00.000 GMT-0500,57196,60366,54262,60053,6.969100000000003
14.07.2024 16:00:00.000 GMT-0500,60048,68173,59981,67707,5.516199999999999
21.07.2024 16:00:00.000 GMT-0500,67677,69353,63425,67973,3.336999999999999
28.07.2024 16:00:00.000 GMT-0500,67937,69995,57145,59108,3.324
04.08.2024 16:00:00.000 GMT-0500,59062,62666,49050,58482,7.569299999999998
11.08.2024 16:00:00.000 GMT-0500,58449,61727,56109,59785,7.0404
18.08.2024 16:00:00.000 GMT-0500,59753,64922,57796,64178,3.7244000000000015
25.08.2024 16:00:00.000 GMT-0500,64182,64988,57200,58391,2.926
01.09.2024 16:00:00.000 GMT-0500,58357,59774,52467,54344,3.2971999999999992
08.09.2024 16:00:00.000 GMT-0500,54311,60605,54257,59764,2.4849000000000006
15.09.2024 16:00:00.000 GMT-0500,59739,64100,57476,63178,2.7644000000000006
22.09.2024 16:00:00.000 GMT-0500,63153,66435,62354,65782,2.3523
29.09.2024 16:00:00.000 GMT-0500,65764,65922,59827,62588,2.7337
06.10.2024 16:00:00.000 GMT-0500,62553,64430,58903,62726,2.3387000000000002
13.10.2024 16:00:00.000 GMT-0500,62684,68965,62421,68735,1.8381999999999998
20.10.2024 16:00:00.000 GMT-0500,68698,69487,65120,67702,1.9514999999999987
27.10.2024 16:00:00.000 GMT-0500,67615,73572,67436,69046,2.654
03.11.2024 17:00:00.000 GMT-0500,69055,81046,66794,79862,4.4104
10.11.2024 17:00:00.000 GMT-0500,79863,93438,79773,89076,5.333999999999996
17.11.2024 17:00:00.000 GMT-0500,89074,99751,88658,96987,5.534799999999999
24.11.2024 17:00:00.000 GMT-0500,96989,98943,90698,97765,4.524700000000061
01.12.2024 17:00:00.000 GMT-0500,97766,103627,91984,100026,3.414200000000309
08.12.2024 17:00:00.000 GMT-0500,100025,103389,94229,102777,2.5545000000002003